<application>
  <component name="JavaRebelPlugin">
    <option name="ideInstallationStorage">
      <map>
        <entry key="com.zeroturnaround.jrebel.FormatVersion" value="7.0.0" />
        <entry key="com.zeroturnaround.jrebel.ide.RemoteServerIdCounter" value="0" />
        <entry key="com.zeroturnaround.jrebel.ide.RemoteServers" value="{&quot;RemoteServers&quot;:[]}" />
        <entry key="com.zeroturnaround.jrebel.intellij.autocompile.feature-seen" value="true" />
        <entry key="com.zeroturnaround.jrebel.intellij.plugin.old-agent-version" value="2020.3.1" />
        <entry key="com.zeroturnaround.jrebel.remoting.SyncOnBuild" value="false" />
        <entry key="com.zeroturnaround.jrebel.update.LastKnownVersionOnUpdateSite" value="2020.3.2" />
        <entry key="com.zeroturnaround.jrebel.update.UpdateNotificationCount" value="2" />
      </map>
    </option>
  </component>
</application>