<application>
  <component name="ProjectManager">
    <defaultProject>
      <component name="AutoImportSettings">
        <option name="autoReloadType" value="SELECTIVE" />
      </component>
      <component name="FileColors">
        <fileColor scope="All" color="c5e0b3" />
      </component>
      <component name="MavenImportPreferences">
        <option name="generalSettings">
          <MavenGeneralSettings>
            <option name="mavenHome" value="D:\application\Idea\plugins\maven\lib\maven3" />
            <option name="userSettingsFile" value="D:\application\apache-maven\conf\settings.xml" />
          </MavenGeneralSettings>
        </option>
      </component>
      <component name="MavenRunner">
        <option name="jreName" value="#JAVA_HOME" />
      </component>
      <component name="ProjectRootManager" version="2" languageLevel="JDK_13" project-jdk-name="13" project-jdk-type="JavaSDK" />
      <component name="PropertiesComponent">
        <property name="project.structure.last.edited" value="Global Libraries" />
        <property name="project.structure.proportion" value="0.0" />
        <property name="project.structure.side.proportion" value="0.2" />
        <property name="settings.editor.selected.configurable" value="reference.settings.ide.settings.file-colors" />
      </component>
      <component name="RemoteRepositoriesConfiguration">
        <remote-repository>
          <option name="id" value="central" />
          <option name="name" value="Maven Central repository" />
          <option name="url" value="http://maven.aliyun.com/nexus/content/groups/public/" />
        </remote-repository>
        <remote-repository>
          <option name="id" value="jboss.community" />
          <option name="name" value="JBoss Community repository" />
          <option name="url" value="https://repository.jboss.org/nexus/content/repositories/public/" />
        </remote-repository>
        <remote-repository>
          <option name="id" value="e9a6d4cf-14e0-4047-8942-234f2237f56b" />
          <option name="name" value="e9a6d4cf-14e0-4047-8942-234f2237f56b" />
          <option name="url" value="https://repo1.maven.org/maven2" />
        </remote-repository>
      </component>
      <component name="masterDetails">
        <states>
          <state key="GlobalLibrariesConfigurable.UI">
            <settings>
              <splitter-proportions>
                <option name="proportions">
                  <list>
                    <option value="0.2" />
                  </list>
                </option>
              </splitter-proportions>
            </settings>
          </state>
          <state key="JdkListConfigurable.UI">
            <settings>
              <last-edited>13</last-edited>
              <splitter-proportions>
                <option name="proportions">
                  <list>
                    <option value="0.2" />
                  </list>
                </option>
              </splitter-proportions>
            </settings>
          </state>
          <state key="ProjectJDKs.UI">
            <settings>
              <last-edited>13</last-edited>
              <splitter-proportions>
                <option name="proportions">
                  <list>
                    <option value="0.2" />
                  </list>
                </option>
              </splitter-proportions>
            </settings>
          </state>
          <state key="ProjectLibrariesConfigurable.UI">
            <settings>
              <splitter-proportions>
                <option name="proportions">
                  <list>
                    <option value="0.2" />
                  </list>
                </option>
              </splitter-proportions>
            </settings>
          </state>
        </states>
      </component>
    </defaultProject>
  </component>
</application>