<?xml version="1.0" encoding="UTF-8" ?>
<!DOCTYPE mapper PUBLIC "-//mybatis.org//DTD Mapper 3.0//EN" "http://mybatis.org/dtd/mybatis-3-mapper.dtd" >
<mapper namespace="com.itheima.shop.mapper.TradeCouponMapper" >
  <resultMap id="BaseResultMap" type="com.itheima.shop.pojo.TradeCoupon" >
    <id column="coupon_id" property="couponId" jdbcType="BIGINT" />
    <result column="coupon_price" property="couponPrice" jdbcType="DECIMAL" />
    <result column="user_id" property="userId" jdbcType="BIGINT" />
    <result column="order_id" property="orderId" jdbcType="BIGINT" />
    <result column="is_used" property="isUsed" jdbcType="INTEGER" />
    <result column="used_time" property="usedTime" jdbcType="TIMESTAMP" />
  </resultMap>
  <sql id="Example_Where_Clause" >
    <where >
      <foreach collection="oredCriteria" item="criteria" separator="or" >
        <if test="criteria.valid" >
          <trim prefix="(" suffix=")" prefixOverrides="and" >
            <foreach collection="criteria.criteria" item="criterion" >
              <choose >
                <when test="criterion.noValue" >
                  and ${criterion.condition}
                </when>
                <when test="criterion.singleValue" >
                  and ${criterion.condition} #{criterion.value}
                </when>
                <when test="criterion.betweenValue" >
                  and ${criterion.condition} #{criterion.value} and #{criterion.secondValue}
                </when>
                <when test="criterion.listValue" >
                  and ${criterion.condition}
                  <foreach collection="criterion.value" item="listItem" open="(" close=")" separator="," >
                    #{listItem}
                  </foreach>
                </when>
              </choose>
            </foreach>
          </trim>
        </if>
      </foreach>
    </where>
  </sql>
  <sql id="Update_By_Example_Where_Clause" >
    <where >
      <foreach collection="example.oredCriteria" item="criteria" separator="or" >
        <if test="criteria.valid" >
          <trim prefix="(" suffix=")" prefixOverrides="and" >
            <foreach collection="criteria.criteria" item="criterion" >
              <choose >
                <when test="criterion.noValue" >
                  and ${criterion.condition}
                </when>
                <when test="criterion.singleValue" >
                  and ${criterion.condition} #{criterion.value}
                </when>
                <when test="criterion.betweenValue" >
                  and ${criterion.condition} #{criterion.value} and #{criterion.secondValue}
                </when>
                <when test="criterion.listValue" >
                  and ${criterion.condition}
                  <foreach collection="criterion.value" item="listItem" open="(" close=")" separator="," >
                    #{listItem}
                  </foreach>
                </when>
              </choose>
            </foreach>
          </trim>
        </if>
      </foreach>
    </where>
  </sql>
  <sql id="Base_Column_List" >
    coupon_id, coupon_price, user_id, order_id, is_used, used_time
  </sql>
  <select id="selectByExample" resultMap="BaseResultMap" parameterType="com.itheima.shop.pojo.TradeCouponExample" >
    select
    <if test="distinct" >
      distinct
    </if>
    <include refid="Base_Column_List" />
    from trade_coupon
    <if test="_parameter != null" >
      <include refid="Example_Where_Clause" />
    </if>
    <if test="orderByClause != null" >
      order by ${orderByClause}
    </if>
  </select>
  <select id="selectByPrimaryKey" resultMap="BaseResultMap" parameterType="java.lang.Long" >
    select 
    <include refid="Base_Column_List" />
    from trade_coupon
    where coupon_id = #{couponId,jdbcType=BIGINT}
  </select>
  <delete id="deleteByPrimaryKey" parameterType="java.lang.Long" >
    delete from trade_coupon
    where coupon_id = #{couponId,jdbcType=BIGINT}
  </delete>
  <delete id="deleteByExample" parameterType="com.itheima.shop.pojo.TradeCouponExample" >
    delete from trade_coupon
    <if test="_parameter != null" >
      <include refid="Example_Where_Clause" />
    </if>
  </delete>
  <insert id="insert" parameterType="com.itheima.shop.pojo.TradeCoupon" >
    insert into trade_coupon (coupon_id, coupon_price, user_id, 
      order_id, is_used, used_time
      )
    values (#{couponId,jdbcType=BIGINT}, #{couponPrice,jdbcType=DECIMAL}, #{userId,jdbcType=BIGINT}, 
      #{orderId,jdbcType=BIGINT}, #{isUsed,jdbcType=INTEGER}, #{usedTime,jdbcType=TIMESTAMP}
      )
  </insert>
  <insert id="insertSelective" parameterType="com.itheima.shop.pojo.TradeCoupon" >
    insert into trade_coupon
    <trim prefix="(" suffix=")" suffixOverrides="," >
      <if test="couponId != null" >
        coupon_id,
      </if>
      <if test="couponPrice != null" >
        coupon_price,
      </if>
      <if test="userId != null" >
        user_id,
      </if>
      <if test="orderId != null" >
        order_id,
      </if>
      <if test="isUsed != null" >
        is_used,
      </if>
      <if test="usedTime != null" >
        used_time,
      </if>
    </trim>
    <trim prefix="values (" suffix=")" suffixOverrides="," >
      <if test="couponId != null" >
        #{couponId,jdbcType=BIGINT},
      </if>
      <if test="couponPrice != null" >
        #{couponPrice,jdbcType=DECIMAL},
      </if>
      <if test="userId != null" >
        #{userId,jdbcType=BIGINT},
      </if>
      <if test="orderId != null" >
        #{orderId,jdbcType=BIGINT},
      </if>
      <if test="isUsed != null" >
        #{isUsed,jdbcType=INTEGER},
      </if>
      <if test="usedTime != null" >
        #{usedTime,jdbcType=TIMESTAMP},
      </if>
    </trim>
  </insert>
  <select id="countByExample" parameterType="com.itheima.shop.pojo.TradeCouponExample" resultType="java.lang.Integer" >
    select count(*) from trade_coupon
    <if test="_parameter != null" >
      <include refid="Example_Where_Clause" />
    </if>
  </select>
  <update id="updateByExampleSelective" parameterType="map" >
    update trade_coupon
    <set >
      <if test="record.couponId != null" >
        coupon_id = #{record.couponId,jdbcType=BIGINT},
      </if>
      <if test="record.couponPrice != null" >
        coupon_price = #{record.couponPrice,jdbcType=DECIMAL},
      </if>
      <if test="record.userId != null" >
        user_id = #{record.userId,jdbcType=BIGINT},
      </if>
      <if test="record.orderId != null" >
        order_id = #{record.orderId,jdbcType=BIGINT},
      </if>
      <if test="record.isUsed != null" >
        is_used = #{record.isUsed,jdbcType=INTEGER},
      </if>
      <if test="record.usedTime != null" >
        used_time = #{record.usedTime,jdbcType=TIMESTAMP},
      </if>
    </set>
    <if test="_parameter != null" >
      <include refid="Update_By_Example_Where_Clause" />
    </if>
  </update>
  <update id="updateByExample" parameterType="map" >
    update trade_coupon
    set coupon_id = #{record.couponId,jdbcType=BIGINT},
      coupon_price = #{record.couponPrice,jdbcType=DECIMAL},
      user_id = #{record.userId,jdbcType=BIGINT},
      order_id = #{record.orderId,jdbcType=BIGINT},
      is_used = #{record.isUsed,jdbcType=INTEGER},
      used_time = #{record.usedTime,jdbcType=TIMESTAMP}
    <if test="_parameter != null" >
      <include refid="Update_By_Example_Where_Clause" />
    </if>
  </update>
  <update id="updateByPrimaryKeySelective" parameterType="com.itheima.shop.pojo.TradeCoupon" >
    update trade_coupon
    <set >
      <if test="couponPrice != null" >
        coupon_price = #{couponPrice,jdbcType=DECIMAL},
      </if>
      <if test="userId != null" >
        user_id = #{userId,jdbcType=BIGINT},
      </if>
      <if test="orderId != null" >
        order_id = #{orderId,jdbcType=BIGINT},
      </if>
      <if test="isUsed != null" >
        is_used = #{isUsed,jdbcType=INTEGER},
      </if>
      <if test="usedTime != null" >
        used_time = #{usedTime,jdbcType=TIMESTAMP},
      </if>
    </set>
    where coupon_id = #{couponId,jdbcType=BIGINT}
  </update>
  <update id="updateByPrimaryKey" parameterType="com.itheima.shop.pojo.TradeCoupon" >
    update trade_coupon
    set coupon_price = #{couponPrice,jdbcType=DECIMAL},
      user_id = #{userId,jdbcType=BIGINT},
      order_id = #{orderId,jdbcType=BIGINT},
      is_used = #{isUsed,jdbcType=INTEGER},
      used_time = #{usedTime,jdbcType=TIMESTAMP}
    where coupon_id = #{couponId,jdbcType=BIGINT}
  </update>
</mapper>