<?xml version="1.0" encoding="UTF-8" ?>
<!DOCTYPE mapper PUBLIC "-//mybatis.org//DTD Mapper 3.0//EN" "http://mybatis.org/dtd/mybatis-3-mapper.dtd" >
<mapper namespace="com.itheima.shop.mapper.TradeGoodsMapper" >
  <resultMap id="BaseResultMap" type="com.itheima.shop.pojo.TradeGoods" >
    <id column="goods_id" property="goodsId" jdbcType="BIGINT" />
    <result column="goods_name" property="goodsName" jdbcType="VARCHAR" />
    <result column="goods_number" property="goodsNumber" jdbcType="INTEGER" />
    <result column="goods_price" property="goodsPrice" jdbcType="DECIMAL" />
    <result column="goods_desc" property="goodsDesc" jdbcType="VARCHAR" />
    <result column="add_time" property="addTime" jdbcType="TIMESTAMP" />
  </resultMap>
  <sql id="Example_Where_Clause" >
    <where >
      <foreach collection="oredCriteria" item="criteria" separator="or" >
        <if test="criteria.valid" >
          <trim prefix="(" suffix=")" prefixOverrides="and" >
            <foreach collection="criteria.criteria" item="criterion" >
              <choose >
                <when test="criterion.noValue" >
                  and ${criterion.condition}
                </when>
                <when test="criterion.singleValue" >
                  and ${criterion.condition} #{criterion.value}
                </when>
                <when test="criterion.betweenValue" >
                  and ${criterion.condition} #{criterion.value} and #{criterion.secondValue}
                </when>
                <when test="criterion.listValue" >
                  and ${criterion.condition}
                  <foreach collection="criterion.value" item="listItem" open="(" close=")" separator="," >
                    #{listItem}
                  </foreach>
                </when>
              </choose>
            </foreach>
          </trim>
        </if>
      </foreach>
    </where>
  </sql>
  <sql id="Update_By_Example_Where_Clause" >
    <where >
      <foreach collection="example.oredCriteria" item="criteria" separator="or" >
        <if test="criteria.valid" >
          <trim prefix="(" suffix=")" prefixOverrides="and" >
            <foreach collection="criteria.criteria" item="criterion" >
              <choose >
                <when test="criterion.noValue" >
                  and ${criterion.condition}
                </when>
                <when test="criterion.singleValue" >
                  and ${criterion.condition} #{criterion.value}
                </when>
                <when test="criterion.betweenValue" >
                  and ${criterion.condition} #{criterion.value} and #{criterion.secondValue}
                </when>
                <when test="criterion.listValue" >
                  and ${criterion.condition}
                  <foreach collection="criterion.value" item="listItem" open="(" close=")" separator="," >
                    #{listItem}
                  </foreach>
                </when>
              </choose>
            </foreach>
          </trim>
        </if>
      </foreach>
    </where>
  </sql>
  <sql id="Base_Column_List" >
    goods_id, goods_name, goods_number, goods_price, goods_desc, add_time
  </sql>
  <select id="selectByExample" resultMap="BaseResultMap" parameterType="com.itheima.shop.pojo.TradeGoodsExample" >
    select
    <if test="distinct" >
      distinct
    </if>
    <include refid="Base_Column_List" />
    from trade_goods
    <if test="_parameter != null" >
      <include refid="Example_Where_Clause" />
    </if>
    <if test="orderByClause != null" >
      order by ${orderByClause}
    </if>
  </select>
  <select id="selectByPrimaryKey" resultMap="BaseResultMap" parameterType="java.lang.Long" >
    select 
    <include refid="Base_Column_List" />
    from trade_goods
    where goods_id = #{goodsId,jdbcType=BIGINT}
  </select>
  <delete id="deleteByPrimaryKey" parameterType="java.lang.Long" >
    delete from trade_goods
    where goods_id = #{goodsId,jdbcType=BIGINT}
  </delete>
  <delete id="deleteByExample" parameterType="com.itheima.shop.pojo.TradeGoodsExample" >
    delete from trade_goods
    <if test="_parameter != null" >
      <include refid="Example_Where_Clause" />
    </if>
  </delete>
  <insert id="insert" parameterType="com.itheima.shop.pojo.TradeGoods" >
    insert into trade_goods (goods_id, goods_name, goods_number, 
      goods_price, goods_desc, add_time
      )
    values (#{goodsId,jdbcType=BIGINT}, #{goodsName,jdbcType=VARCHAR}, #{goodsNumber,jdbcType=INTEGER}, 
      #{goodsPrice,jdbcType=DECIMAL}, #{goodsDesc,jdbcType=VARCHAR}, #{addTime,jdbcType=TIMESTAMP}
      )
  </insert>
  <insert id="insertSelective" parameterType="com.itheima.shop.pojo.TradeGoods" >
    insert into trade_goods
    <trim prefix="(" suffix=")" suffixOverrides="," >
      <if test="goodsId != null" >
        goods_id,
      </if>
      <if test="goodsName != null" >
        goods_name,
      </if>
      <if test="goodsNumber != null" >
        goods_number,
      </if>
      <if test="goodsPrice != null" >
        goods_price,
      </if>
      <if test="goodsDesc != null" >
        goods_desc,
      </if>
      <if test="addTime != null" >
        add_time,
      </if>
    </trim>
    <trim prefix="values (" suffix=")" suffixOverrides="," >
      <if test="goodsId != null" >
        #{goodsId,jdbcType=BIGINT},
      </if>
      <if test="goodsName != null" >
        #{goodsName,jdbcType=VARCHAR},
      </if>
      <if test="goodsNumber != null" >
        #{goodsNumber,jdbcType=INTEGER},
      </if>
      <if test="goodsPrice != null" >
        #{goodsPrice,jdbcType=DECIMAL},
      </if>
      <if test="goodsDesc != null" >
        #{goodsDesc,jdbcType=VARCHAR},
      </if>
      <if test="addTime != null" >
        #{addTime,jdbcType=TIMESTAMP},
      </if>
    </trim>
  </insert>
  <select id="countByExample" parameterType="com.itheima.shop.pojo.TradeGoodsExample" resultType="java.lang.Integer" >
    select count(*) from trade_goods
    <if test="_parameter != null" >
      <include refid="Example_Where_Clause" />
    </if>
  </select>
  <update id="updateByExampleSelective" parameterType="map" >
    update trade_goods
    <set >
      <if test="record.goodsId != null" >
        goods_id = #{record.goodsId,jdbcType=BIGINT},
      </if>
      <if test="record.goodsName != null" >
        goods_name = #{record.goodsName,jdbcType=VARCHAR},
      </if>
      <if test="record.goodsNumber != null" >
        goods_number = #{record.goodsNumber,jdbcType=INTEGER},
      </if>
      <if test="record.goodsPrice != null" >
        goods_price = #{record.goodsPrice,jdbcType=DECIMAL},
      </if>
      <if test="record.goodsDesc != null" >
        goods_desc = #{record.goodsDesc,jdbcType=VARCHAR},
      </if>
      <if test="record.addTime != null" >
        add_time = #{record.addTime,jdbcType=TIMESTAMP},
      </if>
    </set>
    <if test="_parameter != null" >
      <include refid="Update_By_Example_Where_Clause" />
    </if>
  </update>
  <update id="updateByExample" parameterType="map" >
    update trade_goods
    set goods_id = #{record.goodsId,jdbcType=BIGINT},
      goods_name = #{record.goodsName,jdbcType=VARCHAR},
      goods_number = #{record.goodsNumber,jdbcType=INTEGER},
      goods_price = #{record.goodsPrice,jdbcType=DECIMAL},
      goods_desc = #{record.goodsDesc,jdbcType=VARCHAR},
      add_time = #{record.addTime,jdbcType=TIMESTAMP}
    <if test="_parameter != null" >
      <include refid="Update_By_Example_Where_Clause" />
    </if>
  </update>
  <update id="updateByPrimaryKeySelective" parameterType="com.itheima.shop.pojo.TradeGoods" >
    update trade_goods
    <set >
      <if test="goodsName != null" >
        goods_name = #{goodsName,jdbcType=VARCHAR},
      </if>
      <if test="goodsNumber != null" >
        goods_number = #{goodsNumber,jdbcType=INTEGER},
      </if>
      <if test="goodsPrice != null" >
        goods_price = #{goodsPrice,jdbcType=DECIMAL},
      </if>
      <if test="goodsDesc != null" >
        goods_desc = #{goodsDesc,jdbcType=VARCHAR},
      </if>
      <if test="addTime != null" >
        add_time = #{addTime,jdbcType=TIMESTAMP},
      </if>
    </set>
    where goods_id = #{goodsId,jdbcType=BIGINT}
  </update>
  <update id="updateByPrimaryKey" parameterType="com.itheima.shop.pojo.TradeGoods" >
    update trade_goods
    set goods_name = #{goodsName,jdbcType=VARCHAR},
      goods_number = #{goodsNumber,jdbcType=INTEGER},
      goods_price = #{goodsPrice,jdbcType=DECIMAL},
      goods_desc = #{goodsDesc,jdbcType=VARCHAR},
      add_time = #{addTime,jdbcType=TIMESTAMP}
    where goods_id = #{goodsId,jdbcType=BIGINT}
  </update>
</mapper>