<?xml version="1.0" encoding="UTF-8" ?>
<!DOCTYPE mapper PUBLIC "-//mybatis.org//DTD Mapper 3.0//EN" "http://mybatis.org/dtd/mybatis-3-mapper.dtd" >
<mapper namespace="com.itheima.shop.mapper.TradeGoodsNumberLogMapper" >
  <resultMap id="BaseResultMap" type="com.itheima.shop.pojo.TradeGoodsNumberLog" >
    <id column="goods_id" property="goodsId" jdbcType="BIGINT" />
    <id column="order_id" property="orderId" jdbcType="BIGINT" />
    <result column="goods_number" property="goodsNumber" jdbcType="INTEGER" />
    <result column="log_time" property="logTime" jdbcType="TIMESTAMP" />
  </resultMap>
  <sql id="Example_Where_Clause" >
    <where >
      <foreach collection="oredCriteria" item="criteria" separator="or" >
        <if test="criteria.valid" >
          <trim prefix="(" suffix=")" prefixOverrides="and" >
            <foreach collection="criteria.criteria" item="criterion" >
              <choose >
                <when test="criterion.noValue" >
                  and ${criterion.condition}
                </when>
                <when test="criterion.singleValue" >
                  and ${criterion.condition} #{criterion.value}
                </when>
                <when test="criterion.betweenValue" >
                  and ${criterion.condition} #{criterion.value} and #{criterion.secondValue}
                </when>
                <when test="criterion.listValue" >
                  and ${criterion.condition}
                  <foreach collection="criterion.value" item="listItem" open="(" close=")" separator="," >
                    #{listItem}
                  </foreach>
                </when>
              </choose>
            </foreach>
          </trim>
        </if>
      </foreach>
    </where>
  </sql>
  <sql id="Update_By_Example_Where_Clause" >
    <where >
      <foreach collection="example.oredCriteria" item="criteria" separator="or" >
        <if test="criteria.valid" >
          <trim prefix="(" suffix=")" prefixOverrides="and" >
            <foreach collection="criteria.criteria" item="criterion" >
              <choose >
                <when test="criterion.noValue" >
                  and ${criterion.condition}
                </when>
                <when test="criterion.singleValue" >
                  and ${criterion.condition} #{criterion.value}
                </when>
                <when test="criterion.betweenValue" >
                  and ${criterion.condition} #{criterion.value} and #{criterion.secondValue}
                </when>
                <when test="criterion.listValue" >
                  and ${criterion.condition}
                  <foreach collection="criterion.value" item="listItem" open="(" close=")" separator="," >
                    #{listItem}
                  </foreach>
                </when>
              </choose>
            </foreach>
          </trim>
        </if>
      </foreach>
    </where>
  </sql>
  <sql id="Base_Column_List" >
    goods_id, order_id, goods_number, log_time
  </sql>
  <select id="selectByExample" resultMap="BaseResultMap" parameterType="com.itheima.shop.pojo.TradeGoodsNumberLogExample" >
    select
    <if test="distinct" >
      distinct
    </if>
    <include refid="Base_Column_List" />
    from trade_goods_number_log
    <if test="_parameter != null" >
      <include refid="Example_Where_Clause" />
    </if>
    <if test="orderByClause != null" >
      order by ${orderByClause}
    </if>
  </select>
  <select id="selectByPrimaryKey" resultMap="BaseResultMap" parameterType="com.itheima.shop.pojo.TradeGoodsNumberLogKey" >
    select 
    <include refid="Base_Column_List" />
    from trade_goods_number_log
    where goods_id = #{goodsId,jdbcType=BIGINT}
      and order_id = #{orderId,jdbcType=BIGINT}
  </select>
  <delete id="deleteByPrimaryKey" parameterType="com.itheima.shop.pojo.TradeGoodsNumberLogKey" >
    delete from trade_goods_number_log
    where goods_id = #{goodsId,jdbcType=BIGINT}
      and order_id = #{orderId,jdbcType=BIGINT}
  </delete>
  <delete id="deleteByExample" parameterType="com.itheima.shop.pojo.TradeGoodsNumberLogExample" >
    delete from trade_goods_number_log
    <if test="_parameter != null" >
      <include refid="Example_Where_Clause" />
    </if>
  </delete>
  <insert id="insert" parameterType="com.itheima.shop.pojo.TradeGoodsNumberLog" >
    insert into trade_goods_number_log (goods_id, order_id, goods_number, 
      log_time)
    values (#{goodsId,jdbcType=BIGINT}, #{orderId,jdbcType=BIGINT}, #{goodsNumber,jdbcType=INTEGER}, 
      #{logTime,jdbcType=TIMESTAMP})
  </insert>
  <insert id="insertSelective" parameterType="com.itheima.shop.pojo.TradeGoodsNumberLog" >
    insert into trade_goods_number_log
    <trim prefix="(" suffix=")" suffixOverrides="," >
      <if test="goodsId != null" >
        goods_id,
      </if>
      <if test="orderId != null" >
        order_id,
      </if>
      <if test="goodsNumber != null" >
        goods_number,
      </if>
      <if test="logTime != null" >
        log_time,
      </if>
    </trim>
    <trim prefix="values (" suffix=")" suffixOverrides="," >
      <if test="goodsId != null" >
        #{goodsId,jdbcType=BIGINT},
      </if>
      <if test="orderId != null" >
        #{orderId,jdbcType=BIGINT},
      </if>
      <if test="goodsNumber != null" >
        #{goodsNumber,jdbcType=INTEGER},
      </if>
      <if test="logTime != null" >
        #{logTime,jdbcType=TIMESTAMP},
      </if>
    </trim>
  </insert>
  <select id="countByExample" parameterType="com.itheima.shop.pojo.TradeGoodsNumberLogExample" resultType="java.lang.Integer" >
    select count(*) from trade_goods_number_log
    <if test="_parameter != null" >
      <include refid="Example_Where_Clause" />
    </if>
  </select>
  <update id="updateByExampleSelective" parameterType="map" >
    update trade_goods_number_log
    <set >
      <if test="record.goodsId != null" >
        goods_id = #{record.goodsId,jdbcType=BIGINT},
      </if>
      <if test="record.orderId != null" >
        order_id = #{record.orderId,jdbcType=BIGINT},
      </if>
      <if test="record.goodsNumber != null" >
        goods_number = #{record.goodsNumber,jdbcType=INTEGER},
      </if>
      <if test="record.logTime != null" >
        log_time = #{record.logTime,jdbcType=TIMESTAMP},
      </if>
    </set>
    <if test="_parameter != null" >
      <include refid="Update_By_Example_Where_Clause" />
    </if>
  </update>
  <update id="updateByExample" parameterType="map" >
    update trade_goods_number_log
    set goods_id = #{record.goodsId,jdbcType=BIGINT},
      order_id = #{record.orderId,jdbcType=BIGINT},
      goods_number = #{record.goodsNumber,jdbcType=INTEGER},
      log_time = #{record.logTime,jdbcType=TIMESTAMP}
    <if test="_parameter != null" >
      <include refid="Update_By_Example_Where_Clause" />
    </if>
  </update>
  <update id="updateByPrimaryKeySelective" parameterType="com.itheima.shop.pojo.TradeGoodsNumberLog" >
    update trade_goods_number_log
    <set >
      <if test="goodsNumber != null" >
        goods_number = #{goodsNumber,jdbcType=INTEGER},
      </if>
      <if test="logTime != null" >
        log_time = #{logTime,jdbcType=TIMESTAMP},
      </if>
    </set>
    where goods_id = #{goodsId,jdbcType=BIGINT}
      and order_id = #{orderId,jdbcType=BIGINT}
  </update>
  <update id="updateByPrimaryKey" parameterType="com.itheima.shop.pojo.TradeGoodsNumberLog" >
    update trade_goods_number_log
    set goods_number = #{goodsNumber,jdbcType=INTEGER},
      log_time = #{logTime,jdbcType=TIMESTAMP}
    where goods_id = #{goodsId,jdbcType=BIGINT}
      and order_id = #{orderId,jdbcType=BIGINT}
  </update>
</mapper>