<?xml version="1.0" encoding="UTF-8" ?>
<!DOCTYPE mapper PUBLIC "-//mybatis.org//DTD Mapper 3.0//EN" "http://mybatis.org/dtd/mybatis-3-mapper.dtd" >
<mapper namespace="com.itheima.shop.mapper.TradePayMapper" >
  <resultMap id="BaseResultMap" type="com.itheima.shop.pojo.TradePay" >
    <id column="pay_id" property="payId" jdbcType="BIGINT" />
    <result column="order_id" property="orderId" jdbcType="BIGINT" />
    <result column="pay_amount" property="payAmount" jdbcType="DECIMAL" />
    <result column="is_paid" property="isPaid" jdbcType="INTEGER" />
  </resultMap>
  <sql id="Example_Where_Clause" >
    <where >
      <foreach collection="oredCriteria" item="criteria" separator="or" >
        <if test="criteria.valid" >
          <trim prefix="(" suffix=")" prefixOverrides="and" >
            <foreach collection="criteria.criteria" item="criterion" >
              <choose >
                <when test="criterion.noValue" >
                  and ${criterion.condition}
                </when>
                <when test="criterion.singleValue" >
                  and ${criterion.condition} #{criterion.value}
                </when>
                <when test="criterion.betweenValue" >
                  and ${criterion.condition} #{criterion.value} and #{criterion.secondValue}
                </when>
                <when test="criterion.listValue" >
                  and ${criterion.condition}
                  <foreach collection="criterion.value" item="listItem" open="(" close=")" separator="," >
                    #{listItem}
                  </foreach>
                </when>
              </choose>
            </foreach>
          </trim>
        </if>
      </foreach>
    </where>
  </sql>
  <sql id="Update_By_Example_Where_Clause" >
    <where >
      <foreach collection="example.oredCriteria" item="criteria" separator="or" >
        <if test="criteria.valid" >
          <trim prefix="(" suffix=")" prefixOverrides="and" >
            <foreach collection="criteria.criteria" item="criterion" >
              <choose >
                <when test="criterion.noValue" >
                  and ${criterion.condition}
                </when>
                <when test="criterion.singleValue" >
                  and ${criterion.condition} #{criterion.value}
                </when>
                <when test="criterion.betweenValue" >
                  and ${criterion.condition} #{criterion.value} and #{criterion.secondValue}
                </when>
                <when test="criterion.listValue" >
                  and ${criterion.condition}
                  <foreach collection="criterion.value" item="listItem" open="(" close=")" separator="," >
                    #{listItem}
                  </foreach>
                </when>
              </choose>
            </foreach>
          </trim>
        </if>
      </foreach>
    </where>
  </sql>
  <sql id="Base_Column_List" >
    pay_id, order_id, pay_amount, is_paid
  </sql>
  <select id="selectByExample" resultMap="BaseResultMap" parameterType="com.itheima.shop.pojo.TradePayExample" >
    select
    <if test="distinct" >
      distinct
    </if>
    <include refid="Base_Column_List" />
    from trade_pay
    <if test="_parameter != null" >
      <include refid="Example_Where_Clause" />
    </if>
    <if test="orderByClause != null" >
      order by ${orderByClause}
    </if>
  </select>
  <select id="selectByPrimaryKey" resultMap="BaseResultMap" parameterType="java.lang.Long" >
    select 
    <include refid="Base_Column_List" />
    from trade_pay
    where pay_id = #{payId,jdbcType=BIGINT}
  </select>
  <delete id="deleteByPrimaryKey" parameterType="java.lang.Long" >
    delete from trade_pay
    where pay_id = #{payId,jdbcType=BIGINT}
  </delete>
  <delete id="deleteByExample" parameterType="com.itheima.shop.pojo.TradePayExample" >
    delete from trade_pay
    <if test="_parameter != null" >
      <include refid="Example_Where_Clause" />
    </if>
  </delete>
  <insert id="insert" parameterType="com.itheima.shop.pojo.TradePay" >
    insert into trade_pay (pay_id, order_id, pay_amount, 
      is_paid)
    values (#{payId,jdbcType=BIGINT}, #{orderId,jdbcType=BIGINT}, #{payAmount,jdbcType=DECIMAL}, 
      #{isPaid,jdbcType=INTEGER})
  </insert>
  <insert id="insertSelective" parameterType="com.itheima.shop.pojo.TradePay" >
    insert into trade_pay
    <trim prefix="(" suffix=")" suffixOverrides="," >
      <if test="payId != null" >
        pay_id,
      </if>
      <if test="orderId != null" >
        order_id,
      </if>
      <if test="payAmount != null" >
        pay_amount,
      </if>
      <if test="isPaid != null" >
        is_paid,
      </if>
    </trim>
    <trim prefix="values (" suffix=")" suffixOverrides="," >
      <if test="payId != null" >
        #{payId,jdbcType=BIGINT},
      </if>
      <if test="orderId != null" >
        #{orderId,jdbcType=BIGINT},
      </if>
      <if test="payAmount != null" >
        #{payAmount,jdbcType=DECIMAL},
      </if>
      <if test="isPaid != null" >
        #{isPaid,jdbcType=INTEGER},
      </if>
    </trim>
  </insert>
  <select id="countByExample" parameterType="com.itheima.shop.pojo.TradePayExample" resultType="java.lang.Integer" >
    select count(*) from trade_pay
    <if test="_parameter != null" >
      <include refid="Example_Where_Clause" />
    </if>
  </select>
  <update id="updateByExampleSelective" parameterType="map" >
    update trade_pay
    <set >
      <if test="record.payId != null" >
        pay_id = #{record.payId,jdbcType=BIGINT},
      </if>
      <if test="record.orderId != null" >
        order_id = #{record.orderId,jdbcType=BIGINT},
      </if>
      <if test="record.payAmount != null" >
        pay_amount = #{record.payAmount,jdbcType=DECIMAL},
      </if>
      <if test="record.isPaid != null" >
        is_paid = #{record.isPaid,jdbcType=INTEGER},
      </if>
    </set>
    <if test="_parameter != null" >
      <include refid="Update_By_Example_Where_Clause" />
    </if>
  </update>
  <update id="updateByExample" parameterType="map" >
    update trade_pay
    set pay_id = #{record.payId,jdbcType=BIGINT},
      order_id = #{record.orderId,jdbcType=BIGINT},
      pay_amount = #{record.payAmount,jdbcType=DECIMAL},
      is_paid = #{record.isPaid,jdbcType=INTEGER}
    <if test="_parameter != null" >
      <include refid="Update_By_Example_Where_Clause" />
    </if>
  </update>
  <update id="updateByPrimaryKeySelective" parameterType="com.itheima.shop.pojo.TradePay" >
    update trade_pay
    <set >
      <if test="orderId != null" >
        order_id = #{orderId,jdbcType=BIGINT},
      </if>
      <if test="payAmount != null" >
        pay_amount = #{payAmount,jdbcType=DECIMAL},
      </if>
      <if test="isPaid != null" >
        is_paid = #{isPaid,jdbcType=INTEGER},
      </if>
    </set>
    where pay_id = #{payId,jdbcType=BIGINT}
  </update>
  <update id="updateByPrimaryKey" parameterType="com.itheima.shop.pojo.TradePay" >
    update trade_pay
    set order_id = #{orderId,jdbcType=BIGINT},
      pay_amount = #{payAmount,jdbcType=DECIMAL},
      is_paid = #{isPaid,jdbcType=INTEGER}
    where pay_id = #{payId,jdbcType=BIGINT}
  </update>
</mapper>